console,d65caad0-8516-359c-95c0-3cc3cf540d90
spieler,b06f7a31-1151-3c01-95f5-4bb9556cfbf8
kingof0,930b3347-98dc-3017-97e0-53a7a40b143a
borp,aebb6e3b-291e-3711-8b68-ed2dca3b753d
tdjisvan,9e9db632-fd48-32c2-bd31-e6a2a5f95b79
beeboy07,faecf30e-5dc9-3eab-bea1-c90ca2e33865
kerimhan,bc59181b-0095-3ebc-b2dc-30f46a312dd3
krimsen,8d4bc536-f17f-3692-9f96-bb3d92409f69
rehareiz,9eb2aba3-0ea6-3744-b16c-1705b7b13422
ds_darklord,620f0b49-9287-31f4-8295-c64090d517ad
sydnax,913d981c-b8b5-36d7-a650-08b1a5fe0309
beeboytr,b26ba49c-b8ef-3f93-882b-b0f2bfd950c9
hahad,68f69e91-60bb-3903-9bd9-3df19d582746
efeturk,8ec4fe77-8b2c-32e6-8b4e-399e73d46cd2
erdemylmz,6f869d0d-3348-39ec-92ea-07d3799dd2ec
champcem,9149726a-989a-3f52-bba7-b8bf9faf7c54
murattsn,ce42bb8b-19ed-3cd4-80e5-2a6db1639b31
onewox,f59ae9ff-dc95-3b8d-a7d0-dbdaecb782c9
