isotcuufuk,d02dd58a-1a98-31c2-a679-8c58a50eaa71
kemiksizoyuncutr,bf59cc18-f1d1-391e-b9f9-1f2806c9e387
ananinami,49bf7f90-d129-3b40-a7d2-466423b9794f
cooldesger,54a8ac28-e13b-3200-8125-d1bc6891f514
melowdytr,8ec8cc31-4f12-330a-91a1-1a8f6ff7ad7d
krimsen,8d4bc536-f17f-3692-9f96-bb3d92409f69
rehareiz,9eb2aba3-0ea6-3744-b16c-1705b7b13422
admitasak,2ced2d48-723a-3ee9-b132-d4c696d7bb6d
aregmensch,0c2ee2df-4d8f-322a-84e2-610ef1156117
sfinctah,524ae64c-3f34-3b1a-ba23-ad61f3fd57c6
skeppy,878581be-ff1d-3b6a-9ca5-93fc264c0c9a
murattsn,ce42bb8b-19ed-3cd4-80e5-2a6db1639b31
admiralduski,eced7fde-8d44-38cc-8220-403fe1e2fefb
kingof0,930b3347-98dc-3017-97e0-53a7a40b143a
skoumpis,e984116f-b3e8-35dd-933a-311c6618f089
smt287,6e13c42b-16f5-3efd-ad0e-66d3be8eaaa8
detectivegordon,a13ca4d1-4f23-36b8-a439-34f6cce85e8a
sydefq,16378505-4ca8-367e-bbdd-18e42ced8b4b
waedasv2,59dee504-e9f8-353f-b030-4d1ac85b7dfb
eymenjohh,fa250ddb-33e0-330c-b61c-263ce8cbab99
tdjisvan,9e9db632-fd48-32c2-bd31-e6a2a5f95b79
beeboy07,faecf30e-5dc9-3eab-bea1-c90ca2e33865
safakdadp,4bec3b1b-ce6f-3f94-82ee-cc7e25d980b3
xneontr_,4863599c-b6e7-3ad8-a1b2-bf512b525590
beeboytr,b26ba49c-b8ef-3f93-882b-b0f2bfd950c9
efeturk,8ec4fe77-8b2c-32e6-8b4e-399e73d46cd2
alpho320,b1337892-c21f-38d3-b617-191148f5844a
craxy,b96a454a-a746-3ac2-b6d1-6d3d36f31e96
